{
  "eps_0.005": {
    "scenario": "challenging",
    "epsilon": 0.005,
    "n_episodes": 100,
    "baseline": {
      "collision_rate": 0.0,
      "mean_return": -20376.271928659018,
      "std_return": 947.3753177671061,
      "mean_jerk": 0.014028862509377078,
      "mean_rmse": 0.0,
      "std_rmse": 0.0
    },
    "fgsm": {
      "collision_rate": 1.0,
      "mean_return": -25584.2595871561,
      "std_return": 1565.2183867059118,
      "mean_jerk": 0.24253855498947083,
      "mean_rmse": 3.0529558658599854,
      "std_rmse": 0.0707755982875824,
      "epsilon": 0.005
    },
    "oia": {
      "collision_rate": 1.0,
      "mean_return": -25650.482784798383,
      "std_return": 1472.3410869736254,
      "mean_jerk": 0.2637486288648971,
      "mean_rmse": 3.054361581802368,
      "std_rmse": 0.06885527074337006,
      "epsilon": 0.005
    }
  },
  "eps_0.01": {
    "scenario": "challenging",
    "epsilon": 0.01,
    "n_episodes": 100,
    "baseline": {
      "collision_rate": 0.0,
      "mean_return": -20453.548415467398,
      "std_return": 877.4301729355494,
      "mean_jerk": 0.013395020117293169,
      "mean_rmse": 0.0,
      "std_rmse": 0.0
    },
    "fgsm": {
      "collision_rate": 1.0,
      "mean_return": -25617.49239192605,
      "std_return": 1547.9627473396622,
      "mean_jerk": 0.1490075834090159,
      "mean_rmse": 3.05312442779541,
      "std_rmse": 0.07001474499702454,
      "epsilon": 0.01
    },
    "oia": {
      "collision_rate": 1.0,
      "mean_return": -25705.660462384378,
      "std_return": 1764.7136098445324,
      "mean_jerk": 0.19635687458911424,
      "mean_rmse": 3.0647025108337402,
      "std_rmse": 0.08466767519712448,
      "epsilon": 0.01
    }
  },
  "eps_0.015": {
    "scenario": "challenging",
    "epsilon": 0.015,
    "n_episodes": 100,
    "baseline": {
      "collision_rate": 0.0,
      "mean_return": -20412.489951502943,
      "std_return": 868.2641662251539,
      "mean_jerk": 0.013604261991847033,
      "mean_rmse": 0.0,
      "std_rmse": 0.0
    },
    "fgsm": {
      "collision_rate": 1.0,
      "mean_return": -25735.009088997696,
      "std_return": 1607.0605935712006,
      "mean_jerk": 0.3908858101917669,
      "mean_rmse": 3.0610241889953613,
      "std_rmse": 0.07322585582733154,
      "epsilon": 0.015
    },
    "oia": {
      "collision_rate": 1.0,
      "mean_return": -25722.670207009054,
      "std_return": 1585.3313175991366,
      "mean_jerk": 0.07050453047873108,
      "mean_rmse": 3.061386823654175,
      "std_rmse": 0.07548857480287552,
      "epsilon": 0.015
    }
  },
  "eps_0.02": {
    "scenario": "challenging",
    "epsilon": 0.02,
    "n_episodes": 100,
    "baseline": {
      "collision_rate": 0.0,
      "mean_return": -20327.314797379677,
      "std_return": 923.3539731664231,
      "mean_jerk": 0.013902076072407475,
      "mean_rmse": 0.0,
      "std_rmse": 0.0
    },
    "fgsm": {
      "collision_rate": 1.0,
      "mean_return": -25232.818526141647,
      "std_return": 1461.5145403209112,
      "mean_jerk": 0.5307377711993094,
      "mean_rmse": 3.033724308013916,
      "std_rmse": 0.059897877275943756,
      "epsilon": 0.02
    },
    "oia": {
      "collision_rate": 1.0,
      "mean_return": -25868.510385869675,
      "std_return": 1740.3559076829029,
      "mean_jerk": 0.5070082408141349,
      "mean_rmse": 3.067678451538086,
      "std_rmse": 0.08332507312297821,
      "epsilon": 0.02
    }
  }
}